"1","prob","SE","df","asymp.LCL","asymp.UCL"
"overall",0.427007701494995,0.0867090181551333,Inf,0.271176997705638,0.598812281385623
