"stream","prob","SE","df","asymp.LCL","asymp.UCL","habitat2","streams"
"CA",0.116851712212607,0.0204309867622733,Inf,0.0823664100453114,0.16320741507575,"I","Caigual"
"TY",0.141662964880895,0.0240263420555739,Inf,0.100758690331365,0.195561563016601,"I","Taylor"
